first, last
Lewis,Taylor
Alan,Schultz
Dora,Carroll
Ryan,Daniel
Nathan,Wong
Myrtie,Lowe
Luella,Pope
Maud,Byrd
Maria,Norris
Ian,Roberson
Polly,Freeman
Seth,Morton
Melvin,McDaniel
Nannie,Moss
Lela,Dunn
Ernest,Smith
Derrick,Bates
Isabelle,Cobb
Franklin,Walton
Cora,Howell
Derrick,Pierce
Timothy,Summers
Mina,Hopkins
Ida,Rodriguez
Nellie,Hanson
Philip,Bryant
Calvin,Peterson
Jordan,Lee
Rodney,Arnold
Rhoda,Knight
Alexander,McGee
Scott,Bell
Cameron,Torres
Oscar,Franklin
Lily,May
Ophelia,Becker
Dale,Morrison
Annie,Stevenson
Annie,Paul
Frank,Sharp
Marie,Cruz
Harry,Douglas
Stephen,Carson
Vera,Johnston
Beulah,Summers
Louis,Hodges
Arthur,Moss
Mildred,Delgado
Juan,Foster
Roger,Dunn
Lora,Hunt
Lelia,Fuller
Derrick,Tran
Harriet,White
Etta,Ball
Edwin,Reyes
Bertie,Morrison
Mabel,Holmes
Emily,Lucas
Nell,Gilbert
Mabelle,Peters
Dorothy,Gross
Sophie,Porter
Travis,Garner
Annie,Tran
Augusta,Lucas
Elsie,McLaughlin
Cynthia,Little
Myrtie,Powers
Jeremy,Owen
Mae,Duncan
Jeff,Banks
Abbie,Morales
Sadie,Knight
Lottie,Horton
Christian,Kim
Jeanette,Gibson
Minnie,Hogan
Celia,Willis
Annie,McKinney
Daniel,Roy
Jared,Cohen
Howard,Goodman
Ricky,Carroll
Phoebe,Hudson
Tom,Austin
Olive,Singleton
Rebecca,Castro
Dorothy,Fletcher
Jared,Collier
Myra,Strickland
Alvin,Kelley
Leonard,Brady
Katharine,Adams
Luella,Bridges
Edgar,Hardy
Frank,Robinson
Nellie,Robbins
Kevin,Todd
Myrtle,Vargas
Duane,Norman
Cecelia,Walsh
Jeremiah,Cox
Jordan,Lawrence
Isaac,Phelps
Alma,Sullivan
Ina,Keller
Clarence,Hughes
Amanda,Hubbard
Mario,Perkins
Lida,Lucas
Seth,Taylor
Sue,Stanley
Corey,Love
Bobby,Caldwell
Andre,Nelson
Billy,Marsh
Elsie,Vargas
Rebecca,Valdez
Adele,Jordan
Frederick,Willis
Lula,Fox
Jonathan,Sandoval
Leila,Reed
Hannah,Rios
Pearl,Barber
Lena,Walton
Howard,Shelton
Vincent,Richards
Melvin,Massey
Stella,Quinn
Nettie,Armstrong
Helena,Burke
Josephine,Duncan
Evan,Ray
Austin,Patterson
Amelia,Manning
Fred,Nash
Louise,Swanson
Linnie,Greene
Rachel,Vaughn
Birdie,Butler
Harvey,Scott
Sophie,Padilla
Iva,Vasquez
Andre,Cain
Ethel,Bailey
Ora,Flores
Jason,Woods
Helen,Long
Ella,Massey
Joel,Wagner
Loretta,Spencer
Isaac,Morgan
Mike,Jacobs
Emma,Freeman
Carlos,Underwood
Cody,Simon
Hettie,Weber
Emilie,Hudson
Elnora,Summers
Mary,Bryant
Cornelia,Ford
Edward,Munoz
Nelle,Manning
Cory,Burke
Douglas,Buchanan
Birdie,Ruiz
Gavin,Anderson
Lula,Robinson
Essie,Steele
Adeline,West
Lena,Peters
Gene,Wells
Edward,Salazar
Marie,Shaw
Ronnie,McKinney
Clayton,Dawson
Lillie,Gibbs
Nathan,Medina
Richard,Luna
Rachel,Harmon
Susan,Tran
Annie,Adams
Effie,Medina
Dean,Wilkins
Ethan,Love
Caroline,Miller
Timothy,Lloyd
Matilda,Vaughn
Leo,Alvarez
Elva,Barton
Rachel,Morton
Helen,Morton
Lora,Norris
Bertha,Stokes
Dominic,Sandoval
Joshua,French
Raymond,Boyd
Victoria,Lawson
Roxie,Pena
Maria,Reynolds
Maude,Mann
Vernon,Ingram
Edwin,Barnes
Patrick,Lee
Johanna,Colon
Troy,Flowers
Corey,Powell
Micheal,Frazier
Agnes,Reed
Jared,Floyd
Martha,Dunn
Essie,Nguyen
Scott,Owens
Ethel,Manning
Marvin,Henderson
Ina,Padilla
Ann,Poole
Teresa,Robertson
Dustin,Maxwell
Erik,Rose
Harold,Romero
Harvey,Parsons
Eric,Malone
Polly,Bryant
Steven,McCarthy
Joe,Gordon
Belle,Underwood
Amanda,Williams
Jared,Bryant
Katharine,Rodriguez
Larry,Garrett
Corey,Massey
Fannie,Swanson
Ralph,Reyes
Gene,Gutierrez
Charles,Griffith
Isabelle,Beck
Violet,Murray
Louise,Massey
Gordon,Soto
Eva,Lowe
Adelaide,Johnston
Nannie,Grant
Mable,McKenzie
Bernice,Black
Rosalie,Erickson
Antonio,Griffin
Noah,Barker
Angel,Pena
Eddie,Simpson
Hattie,Hanson
Violet,Gibson
Leroy,Jackson
Samuel,Webster
Adelaide,Hampton
Claudia,Glover
Daisy,Moran
Eliza,Ellis
Hettie,Cannon
Hunter,Turner
Mollie,Edwards
Emilie,Sandoval
Joseph,Hughes
Mittie,Reynolds
Cora,Murray
Maud,Goodman
Justin,Summers
Hulda,Flowers
Herman,Little
Minerva,Armstrong
Danny,Romero
Derek,Gill
Edwin,Hayes
Adrian,Potter
Elijah,Higgins
Matilda,Collier
Lena,Young
Frank,McDaniel
Jessie,Huff
May,Garner
Lizzie,Holloway
Rosie,Lawrence
Ronnie,Wallace
Harriet,Gordon
Louis,Rodgers
Floyd,Harrington
Hannah,Brady
Claudia,Ramirez
Craig,George
Jordan,Reid
Hunter,Marsh
Henry,Copeland
Todd,Norris
Alvin,Snyder
Matilda,Silva
Ethan,Morales
Bernice,Cortez
Jimmy,Wright
